model,mean,std,epoch_1,epoch_2,epoch_3,epoch_4,epoch_5,epoch_6,epoch_7,epoch_8,epoch_9,epoch_10,epoch_11,epoch_12,epoch_13,epoch_14,epoch_15,epoch_16,epoch_17,epoch_18,epoch_19,epoch_20,epoch_21,epoch_22,epoch_23,epoch_24,epoch_25,epoch_26,epoch_27,epoch_28,epoch_29,epoch_30
mobilenet_v1_224,140.93333333333334,516.2787227266195,2868,234,47,48,44,43,41,42,39,38,41,38,40,38,39,39,39,39,39,40,39,40,39,39,39,39,39,39,41,38
ssd_mobileNet_v1_300,169.36666666666667,515.7358641874691,2900,71,76,75,75,75,75,77,76,78,77,73,76,76,75,76,76,75,74,74,75,75,75,76,74,76,75,75,75,75
ssd_resnet34_1200,6798.7,114.59588666867286,7215,6643,6866,6715,6850,6723,6901,6725,6804,6897,6697,6752,6717,6879,6652,6831,6893,6819,6809,6689,6804,6699,6765,6771,6996,6771,6778,6834,6789,6677
resnet_v1.5_224,220.96666666666667,594.7598462511099,3370,113,115,113,114,116,113,114,111,113,112,113,109,109,111,113,113,112,109,110,113,114,111,113,113,113,112,112,111,114