model,mean,std,epoch_1,epoch_2,epoch_3,epoch_4,epoch_5,epoch_6,epoch_7,epoch_8,epoch_9,epoch_10,epoch_11,epoch_12,epoch_13,epoch_14,epoch_15,epoch_16,epoch_17,epoch_18,epoch_19,epoch_20,epoch_21,epoch_22,epoch_23,epoch_24,epoch_25,epoch_26,epoch_27,epoch_28,epoch_29,epoch_30
mobilenet_v1_224,2976.8,32.94132715120565,3101,3023,3026,2997,2982,3017,2975,2965,3018,3005,2965,2962,2947,2950,2950,2961,2955,2969,2961,2960,2970,2966,2967,2964,2954,2966,2947,2956,2965,2960
ssd_mobileNet_v1_300,6616.466666666666,67.39627193891639,6962,6574,6598,6607,6623,6653,6614,6595,6588,6589,6593,6605,6612,6598,6643,6606,6597,6609,6619,6594,6619,6630,6595,6592,6585,6601,6596,6606,6596,6595
ssd_resnet34_1200,-1,0,-1,-1,-1,-1,-1,-1,-1,-1,-1,-1,-1,-1,-1,-1,-1,-1,-1,-1,-1,-1,-1,-1,-1,-1,-1,-1,-1,-1,-1,-1
resnet_v1.5_224,2315.366666666667,22.550301371689525,2414,2372,2305,2303,2301,2319,2311,2307,2312,2310,2305,2313,2314,2317,2301,2310,2309,2319,2312,2309,2304,2308,2305,2303,2313,2309,2317,2304,2310,2325