model,mean,std,epoch_1,epoch_2,epoch_3,epoch_4,epoch_5,epoch_6,epoch_7,epoch_8,epoch_9,epoch_10,epoch_11,epoch_12,epoch_13,epoch_14,epoch_15,epoch_16,epoch_17,epoch_18,epoch_19,epoch_20,epoch_21,epoch_22,epoch_23,epoch_24,epoch_25,epoch_26,epoch_27,epoch_28,epoch_29,epoch_30
mobilenet_v1_224,238.7,175.42129584084924,1167,225,206,206,209,205,213,203,211,207,206,217,199,201,207,210,205,204,207,210,206,216,200,207,206,205,202,200,197,204
ssd_mobileNet_v1_300,659.6,151.7760600812694,1462,630,620,637,662,645,641,631,629,626,631,630,625,630,624,633,631,624,624,621,631,636,632,634,635,625,625,635,638,641
ssd_resnet34_1200,-1,0,-1,-1,-1,-1,-1,-1,-1,-1,-1,-1,-1,-1,-1,-1,-1,-1,-1,-1,-1,-1,-1,-1,-1,-1,-1,-1,-1,-1,-1,-1
resnet_v1.5_224,278,132.86212713781984,981,265,254,248,251,262,261,255,249,249,262,253,252,251,249,249,252,254,260,263,254,251,250,252,253,251,253,257,249,250