model,mean,std,epoch_1,epoch_2,epoch_3,epoch_4,epoch_5,epoch_6,epoch_7,epoch_8,epoch_9,epoch_10,epoch_11,epoch_12,epoch_13,epoch_14,epoch_15,epoch_16,epoch_17,epoch_18,epoch_19,epoch_20,epoch_21,epoch_22,epoch_23,epoch_24,epoch_25,epoch_26,epoch_27,epoch_28,epoch_29,epoch_30
ssd_mobileNet_v1_300,1097.5,904.044809310567,5848,906,858,885,856,848,858,884,907,900,939,981,922,1005,936,896,890,999,1120,1423,1024,955,955,900,861,873,853,871,870,902
resnet_v1.5_224,635.6333333333333,1228.2113567222902,7129,508,372,369,349,378,391,389,399,382,412,409,387,420,383,715,447,381,397,404,392,389,394,370,507,389,393,409,396,409
mobilenet_v1_224,739.6,1363.2709802226557,7956,593,515,464,497,478,477,485,458,489,536,525,518,522,484,484,492,481,438,482,456,476,476,482,483,512,474,491,500,464
ssd_resnet34_1200,-1,0,-1,-1,-1,-1,-1,-1,-1,-1,-1,-1,-1,-1,-1,-1,-1,-1,-1,-1,-1,-1,-1,-1,-1,-1,-1,-1,-1,-1,-1,-1