,epoch_1,epoch_10,epoch_11,epoch_12,epoch_13,epoch_14,epoch_15,epoch_16,epoch_17,epoch_18,epoch_19,epoch_2,epoch_20,epoch_21,epoch_22,epoch_23,epoch_24,epoch_25,epoch_26,epoch_27,epoch_28,epoch_29,epoch_3,epoch_30,epoch_4,epoch_5,epoch_6,epoch_7,epoch_8,epoch_9,mean,model,std
0,7223,330,334,331,332,331,329,330,338,335,331,341,402,361,330,331,331,328,330,332,329,328,332,332,331,332,329,331,334,332,564.6666666666666,mobilenet_v1_224,1257.6363251897512
1,7170,772,775,772,778,771,773,773,772,774,771,782,773,771,773,770,772,772,772,773,773,771,772,777,776,774,775,774,819,775,988.1666666666666,ssd_mobileNet_v1_300,1167.5940804841423
2,8397,261,268,262,257,259,258,258,258,256,256,276,260,257,259,257,257,257,258,258,262,258,262,257,259,259,258,261,399,262,535.5333333333333,resnet_v1.5_224,1485.016979662205
3,-1,-1,-1,-1,-1,-1,-1,-1,-1,-1,-1,-1,-1,-1,-1,-1,-1,-1,-1,-1,-1,-1,-1,-1,-1,-1,-1,-1,-1,-1,-1.0,ssd_resnet34_1200,0.0
